text,label,notes
"Funniest trade of all time.",reaction,""
"It's even funnier because we got 24 after winning a coinflip with them because we finished with the same record.",analysis,"Explains why the trade is funny using context."
"Cash for coins?",reaction,""
"They also won a championship, right?",reaction,""
"Analytically",reaction,""
"You know what's funnier than 24 ahh trade",reaction,""
"You're allowed to say ass on here btw",reaction,"Off-topic but still community comment."
"Apparently that's just how kids type these days. There's so much slang that has passed me by.",reaction,"Off-topic language reaction."
"How do you do fellow kid",reaction,""
"I thought it was just a censor bypass. Like the unalived nonsense",reaction,""
"It is/was but it, like everything else that gets popular, has drifted into that every day vernacular of some people",analysis,"Explains language usage."
"Use it enough as a substitute for the real word and it becomes part of your actual lexicon",analysis,"Reasoned explanation."
"Back in my day we said @$$",reaction,""
"The Luka trade was just so bonkers I can't even consider it as anything other than someone fucking with the Matrix. The real hilarious Lakers trade was Zubac for Muscala.",hot_take,"Strong opinion with limited evidence."
"5D SEO move",reaction,""
"Not really. It's about the center position and the Knicks strategy around Mitchell Robinson of whom the Lakers are interested. If the Lakers don't draft a big, they will go for one in the open market and Knicks want to see their hand first. Maybe this is a wink wink dont sign Mitch.",analysis,"Detailed strategic explanation."
"Nah, it was 100% about the lower salary at 24 vs. 25. Also, they were trying to trade out of the 1st round so this gave them more time to consider deals. They didn't get one they liked, so they took a likely draft and stash guy to try to wiggle under 2nd apron.",analysis,"Specific cap and draft reasoning."
"It's not that funny. We just gave up some cash and swapped picks.",analysis,"Explains the trade simply."
"It is if you watched SpongeBob",reaction,""
"The only funnier trade would be 6 for 7",reaction,""
"Bruh",reaction,""
"shitty thing is the 24 and 25 order was determined by a coin flip",analysis,"Uses relevant draft-order context."
"I mean we only gave up lakers legend cash considerations",reaction,""
"Cash considerations should be retired by every team",hot_take,"Strong opinion."
"Yup",reaction,""
"24 is our lucky number",reaction,""
"For 25 and what?",reaction,""
"Luka",reaction,""
"Garza",reaction,""
"Best Luka in the NBA",hot_take,"Strong claim, mostly joking."
"This is Luka Samanic erasure",reaction,""
"What a steal. Went up one pick for a donut",hot_take,"Strong judgment with little evidence."
"$80,000 lower rookie scale salary lol",analysis,"Specific salary reason."
"110k actually I believe",analysis,"Corrects with specific number."
"So the price of two tickets to game 4?",reaction,""
"I believe floor seats were literally going for like $160k",analysis,"Specific factual comparison."
"We probably gonna stash our guy anyway",analysis,"Reasoning about draft strategy."
"pure vibes",reaction,""
"They both just felt like making a trade today and said fuck it we ball",reaction,""
"For a Kobe tribute",reaction,""
"Wait whats the point of this",reaction,""
"Saves the Knicks some money? Idk lol.",analysis,"Gives plausible explanation."
"Why would the lakers agree then? just deeply ridiculous",hot_take,"Strong skeptical opinion."
"Stops the Knicks from trading with someone else without giving anything up?",analysis,"Explains possible strategic motive."
"The only correct answer",reaction,""
"The fact there's 100 comments in here baffled is so disheartening. How do people think this is ab money lmfao",hot_take,"Strong criticism."
"They probably communicated and realized they wanted different players at this spot",analysis,"Reasoned explanation."
"but they didn't need to trade lmao - Lakers don't need to trade up if the Knicks are taking a different guy",analysis,"Counterargument with reasoning."
"Rob Pelinka didn't want it to seem like he sat on his ass and did nothing all day",hot_take,"Strong negative claim."
"It has to be for weird financial reasons. I don't truly understand how those details work here",analysis,"Reasoned but uncertain."
"Probably Knicks were receiving other calls for Carr so the lakers were the ones to give them the best package",analysis,"Plausible strategic explanation."
"This sounds like the most logical explanation",reaction,""
"the best package being nothing?",reaction,""
"cash considerations.",analysis,"Short but directly answers trade logic."
"it could be they didnt want someone else coming with a deal last minute and the money difference was small enough not for them to care.",analysis,"Explains motive."
"Knicks could have traded back further down for same return and logic and another team could have gotten Carr? If you want Carr, what's a little bit of cash to a club like LA?",analysis,"Reasoned argument."
"Prop bet on Kalshi they would make a trade.",reaction,""
"I'm sure the guy they picked is thrilled that the team went through all this effort to shave $150K off his $3.5M salary.",hot_take,"Sarcastic strong opinion."
"Knicks don't want whoever the Lakers want, so they pay less money and get a pick",analysis,"Clear trade explanation."
"it's clear whoever the Knicks want will be there at 25",analysis,"Reasoned inference."
"But then if that's the case why would Lakers do this to pay more money",analysis,"Logical challenge."
"Someone else trying to move up",analysis,"Short strategic explanation."
"but why male models?",reaction,""
"Are you serious? I just told you that a moment ago.",reaction,""
"Someone else could've traded with the Knicks and taken Carr",analysis,"Explains Lakers motive."
"purely a flex",hot_take,"Strong unsupported claim."
"Feels like they are just fucking with everyone for the laughs",hot_take,"Strong unsupported claim."
"All this so Rob can say he drafted someone with Kobe's number",hot_take,"Joking strong claim."
"Lakers gonna extend him for 24 years bc of this",reaction,""
"Less salary, very minimally...",analysis,"Explains motivation."
"I mean they're skirting the second apron so every cent counts",analysis,"Cap-related reasoning."
"Salary lol, funny trade tho",analysis,"Short explanation."
"Lakers obsessed with 24",hot_take,"Strong claim with little support."
"To honor kobe",reaction,""
"Why lol",reaction,""
"Save u money on salary",analysis,"Direct explanation."
"So then why would the lakers do it",reaction,""
"For Kobe",reaction,""
"To lock Carr",analysis,"Short strategic reason."
"Carr or cenac plsss",reaction,""
"holy fuck we got Carr I cant believe it it's such a perfect fit",reaction,""
"Dont yall need a big? Take Reed so we can take Carr",analysis,"Team need reasoning."
"Carr it is",reaction,""
"Carr. They need athleticism imo",analysis,"Reason based on roster need."
"He's tryna save as much money as possible",analysis,"Explains motive."
"Leon does this for the love of the trade down.",hot_take,"Opinionated claim."
"Leon pinching pennies to get under the 2nd apron (i have no idea how the cap works)",analysis,"Cap-based explanation despite uncertainty."
"Slightly over 100k difference between how much pick 24 and 25 gets paid.",analysis,"Specific salary evidence."
"Leon masterclass",reaction,""
"COOK THEN NAP",reaction,""
"You know whats funnier than 24? 25",reaction,""
"No way",reaction,""
"Ping pong",reaction,""
"CARR PLEASE PELINKA",reaction,""
"Fucking Cash Considerations lmao. Feel bad for that guy, he's always involved in these weird trades.",reaction,""
"Now Lakers fans can't complain about Pelinka not making moves.",hot_take,"Sarcastic judgment."
"Luka?",reaction,""
"lmaooo while this New York Knicks song is playing?",reaction,""
"Anything else? Or just to save salary?",reaction,""
"Saving the least money ever",hot_take,"Strong judgment."
"So NBA let all the fans there think Knicks got Carr for nothing lol",reaction,""
"Knicks received calls for the 24th pick. They didn't want to say no but didn't want to slip too far down so they sold it for cash and knew the guy they wanted would still be available. It's a win win for both teams.",analysis,"Detailed explanation."
"Assuming Lakers didn't pick their guy, the guy who gets drafted by the Knicks basically knows they just took $100k from him lol.",analysis,"Reasoned consequence."
"For free? Woah",reaction,""
"Free?",reaction,""
"Cash Considerations?",reaction,""
"I'm dying all that celebration. Adam silver is gonna get booed so hard if he mentions the trade on the mic",reaction,""
"Bulls get claxton for free?",reaction,""
"What'd they give up?",reaction,""
"Nothing it seems. Bulls had the cap space to absorb his contract.",analysis,"Explains cap-space mechanism."
"Is that allowed? It's banned in catan but you can do that in the nba?",reaction,""
"New CBA removed the Catan rules to allow trades more easily",reaction,"Joke response."
"No more fleecing people three sheep for one gold",reaction,""
"Cash, a g-leaguer or the rights to a Euro prospect that will never come to the NBA would all be allowed. Chicago chose the second option",analysis,"Explains valid trade compensation."
"Just absorbing him into cap space it seems",analysis,"Explains transaction mechanism."
"another chicago new fo w",reaction,""
"Yeah that was what really jumped out at me, I know it's technically a salary dump but it's kinda hilarious from the Bulls' perspective: Hey do you want a starting caliber center on a decreasing contract for literally nothing except the price of said contract?",analysis,"Explains why the Bulls benefit."
"It's odd. You'd think he'd have some value where the Nets could have sent him elsewhere for actually something.",analysis,"Reasoned trade-value critique."
"Rare Bulls W",reaction,""
"New GMs first player transaction",reaction,""
"Love this",reaction,""
"I like it. Decent vet center with some defense",analysis,"Gives basketball reason for approval."
"Claxton as a vet is crazy but I just checked and he's entering his 8th season",analysis,"Uses factual context."
"We're all getting old",reaction,""
"Thought they got Giannis for a sec, but instead they're just dumping Randle lmao",reaction,""
"I know man. I saw Randle and picks the was so disappointed lol",reaction,""
"Hey good for the TWolves. Turned KAT into Donte and a late first and a second.",hot_take,"Strong negative framing of asset return."
"Just as good as getting Giannis imo",reaction,"Sarcastic reaction."
"What's going on in Minnesota?",reaction,""
"Dubious Handle back in the big city",reaction,""
"Putting Randle on the Nets during all of what's going on in New York right now for the Knicks feels like cruel and unusual punishment",hot_take,"Strong opinion with little evidence."
"I wish I was back in NYC again",reaction,""
"He might love it live in NYC again and literally take 30 shots a game for memes.",hot_take,"Speculative strong opinion."
"He said he hated nyc because he was smoking too much weed lmao",reaction,""
"He and his wife said he wasn't having fun playing basketball anymore and was turning to weed too much to cope with the pressure and negativity that came with being the #1 in MSG",analysis,"Provides contextual explanation."
"It might have been the pressure of having to play for the Knicks. He won't have that problem with the Nets.",analysis,"Reasoned comparison."
"Might also just pull a D'lo and get something going there",hot_take,"Speculative claim."
"Not even trying to shit on the nets but there will be less media scrutiny on him there.",analysis,"Reasoned media-market point."
"He dragged a Knicks team full of scrubs to the 4th seed 5 years ago. He'll be better than expected on the nets.",analysis,"Uses historical evidence."
"Ahh. The We Here Knicks. Interesting times. I was happy they were even making the playoffs at that time.",reaction,""
"Nets swapped Claxton for Randle and moved up 5 spots.",analysis,"Summarizes trade structure."
"He's about to get the Mikal Bridges experience",hot_take,"Speculative comparison."
"He's gonna play so angry every Subway Series",hot_take,"Speculative strong opinion."
"This is literally one of the best nicknames of all time.",reaction,""
"Sending Randle back to NY a week after the Knicks won the chip is brutal",reaction,""
"It actually broke my heart",reaction,""
"It's gonna feel very weird when we face the Nets",reaction,""
"Makes me feel a bit sad. I hope they show him love at MSG and Barclays",reaction,""
"Just a salary dump from Randle? Can a wolves fan explain this one for me.",reaction,""
"trade exception for a bigger move basically will be amended into a multi team trade since most teams don't want randle",analysis,"Explains strategic reason."
"Perfect size for them to absorb Immanuel Quickley",analysis,"Specific trade-exception target."
"That's actually interesting",reaction,""
"probably making cap space for something",analysis,"Gives likely motivation."
"Huhhh??",reaction,""
"Randle really got negative value now lol",hot_take,"Strong judgment."
"they moved into the second round to get rid of him. wild",analysis,"Explains negative-value interpretation."
"They went down five spots and got off $33 million in money. Relatively bad value, but it could have been much worse.",analysis,"Uses trade details and balanced judgment."
"Yeah def makes sense but just on its face it looks weird considering Randle is considered to be a borderline star and they got back nothing",analysis,"Reasoned evaluation."
"A $33 million exception in the second apron era isn't nothing.",analysis,"Explains cap value."
"Julius was great in October/November, slowed way down in December and January, then in February his name was in Giannis trade rumors and he quiet quit on the team.",analysis,"Uses season timeline as evidence."
"he was objectively a star with us. 3 time all-star and 2 time all nba and would have been 3 if not for injury",analysis,"Uses awards as evidence."
"I may not been paying attention, but I thought he was having a little renaissance and then got injured.",reaction,""
"He was insanely good first half of the season then disappeared after all star break",analysis,"Specific performance timeline."
"Needed to dump salary for whoever they're about to get",analysis,"Explains motive."
"I had to read this twice because I thought I missed something but no they really are just dumping Randle.",reaction,""
"oh shit they actually traded him",reaction,""
"people ignoring the claxton to bulls giddey playing with claxton is a really solid pairing",analysis,"Basketball fit analysis."
"giving up literally nothing is a steal lol",hot_take,"Strong judgment."
"Someone on the Bulls sub will find a reason to be mad at this lmao",hot_take,"Strong community judgment."
"And Caleb Wilson coming tomorrow. Bulls lowkey cooking",hot_take,"Strong positive claim."
"Digging the Giddey, Buzelis, Wilson, Claxton lineup but def need shooting desperately",analysis,"Roster fit and weakness analysis."
"Did the Timberwolves just get a worse pick to get off Randle?",reaction,""
"Yes",reaction,""
"I can't think of seeing a trade before that so clearly defined a player as negative value.",analysis,"Trade-value analysis."
"I mean they happen all the time but usually it's fringe players, not Julius Randle",analysis,"Compares to typical salary dumps."
"They just banished Randle to Brooklyn",hot_take,"Strong framing."
"They got a near All-Star season out of Michael Porter. I don't know if I'll call this banish.",analysis,"Counterargument with example."
"So does Chicago just get Claxton for free?",reaction,""
"Probably MNs way of thanking Chicago for the Ayo trade",reaction,""
"Trading Ayo got us #4. No thanks needed",analysis,"Uses trade result as counterpoint."
"Minnesota's getting Ja Morant.",hot_take,"Speculative strong claim."
"It has to be Morant, right? Who else could they target?",hot_take,"Speculation with limited support."
"Yep they just made a morant sized tpe. I expect ja to wolves soon",analysis,"Uses trade-exception size as evidence."
"JA/ANT is going to be a true experience and I for one can't wait lmao",reaction,""
"Shooters gonna shoot",reaction,""
"I hate how this is a triple entendre",reaction,""
"What are the 3 meanings? Buckets, guns and ejaculate?",reaction,""
"Zion is also possible.",hot_take,"Speculative claim."
"Ja and Ant backcourt will be peak entertainment",hot_take,"Strong prediction."
"So it begins.",reaction,""
"Ant and Ja in the same locker room? Good luck, Minnesota!",hot_take,"Strong skeptical prediction."
"Ja, more Ant!",reaction,""
"a guy from the trenches and ja morant",reaction,""
"They did it. It's done.",reaction,""
"The trade we were all waiting for",reaction,""
"Randle with the Nets just makes perfect sense somehow",hot_take,"Strong impression with little evidence."
"Gonna be an insane fantasy pick",hot_take,"Strong prediction."
"Randle, MPJ, and 11 second year point guards.",reaction,""
"And we don't even own our pick so need to win this year. Most obvious 30-52 without even tanking ever",hot_take,"Strong negative prediction."
"OUT OF NOWHERE KINDA",reaction,""
"a straight salary dump?",reaction,""
"Randle get dumped lmao?",reaction,""
"That's how you dump a salary",reaction,""
"How did Chicago get Claxton for free? Iirc the nets were firm on needing legit assets for him at the deadline, wtf happened to that",analysis,"Uses deadline context."
"Randle and a first round pick for a worse pick. Wow",reaction,""
"Uh?? They traded him for nothing????",reaction,""
"They now have a 33 million dollar trade exception and are 50 million below the apron making us able to do a trade and resign Ayo.",analysis,"Specific cap explanation."
"I know how this story ends. Congratulations 2032 Champions. Brooklyn Nets.",hot_take,"Sarcastic prediction."
"unironically good move for the Nets. Randle wont win you a ring, but he'll be a good culture shift just like Knicks",analysis,"Reasoned evaluation."
"Claxton wasn't going to do anything here and he hardly had any value. We got a guy who averaged 21ppg this season and were able to get another 1st round pick. That's a win in my book",analysis,"Uses production and asset return as evidence."
"Michael Porter Jr is furious that he has the pass the ball now",reaction,""
"Interesting for Minnesota. Something else has to be happening",analysis,"Inference from trade structure."
"Trading for a point guard on a big contract, Ja, Giddey, D White by absorbing them into the exception.",analysis,"Specific possible use of exception."
"Another move related to the new lotto rules, Brooklyn looking to improve their floor",analysis,"Rule-based explanation."
"NVM, forgot Brooklyn doesn't have their own pick. This is just to avoid giving Houston a good pick lol",analysis,"Corrects reasoning using draft-pick context."
"I guess this still applies to Chicago? They probably don't trade for Claxton under the old lotto rules",analysis,"Speculative but rule-based reasoning."